94558,NAPA,CA
95620,DIXON,CA
95476,SONOMA,CA
94559,NAPA,CA
94533,FAIRFIELD,CA
94954,PETALUMA,CA
94571,RIO VISTA,CA
94535,TRAVIS AFB,CA
94503,AMERICAN CANYON,CA
94945,NOVATO,CA
94512,BIRDS LANDING,CA
94591,VALLEJO,CA
94510,BENICIA,CA
94592,VALLEJO,CA
94589,VALLEJO,CA
94947,NOVATO,CA
94590,VALLEJO,CA
94946,NICASIO,CA
94561,OAKLEY,CA
94949,NOVATO,CA
94585,SUISUN CITY,CA
94565,PITTSBURG,CA
94903,SAN RAFAEL,CA
94520,CONCORD,CA
94572,RODEO,CA
94525,CROCKETT,CA
94569,PORT COSTA,CA
94553,MARTINEZ,CA
94547,HERCULES,CA
94963,SAN GERONIMO,CA
94938,LAGUNITAS,CA
94509,ANTIOCH,CA
94960,SAN ANSELMO,CA
94513,BRENTWOOD,CA
94521,CONCORD,CA
94930,FAIRFAX,CA
94973,WOODACRE,CA
94933,FOREST KNOLLS,CA
94564,PINOLE,CA
94801,RICHMOND,CA
94519,CONCORD,CA
94806,SAN PABLO,CA
94901,SAN RAFAEL,CA
94531,ANTIOCH,CA
94803,EL SOBRANTE,CA
94523,PLEASANT HILL,CA
94518,CONCORD,CA
94904,GREENBRAE,CA
94549,LAFAYETTE,CA
94517,CLAYTON,CA
94805,RICHMOND,CA
94804,RICHMOND,CA
94939,LARKSPUR,CA
94964,SAN QUENTIN,CA
94530,EL CERRITO,CA
94598,WALNUT CREEK,CA
94925,CORTE MADERA,CA
94596,WALNUT CREEK,CA
94941,MILL VALLEY,CA
94563,ORINDA,CA
94708,BERKELEY,CA
94707,BERKELEY,CA
94514,BYRON,CA
94970,STINSON BEACH,CA
94706,ALBANY,CA
94710,BERKELEY,CA
94595,WALNUT CREEK,CA
94709,BERKELEY,CA
94703,BERKELEY,CA
94704,BERKELEY,CA
94507,ALAMO,CA
94702,BERKELEY,CA
94720,BERKELEY,CA
94965,SAUSALITO,CA
94556,MORAGA,CA
94920,BELVEDERE TIBURON,CA
94705,BERKELEY,CA
94611,OAKLAND,CA
94618,OAKLAND,CA
94609,OAKLAND,CA
94550,LIVERMORE,CA
94608,EMERYVILLE,CA
94528,DIABLO,CA
94526,DANVILLE,CA
94506,DANVILLE,CA
94130,SAN FRANCISCO,CA
94607,OAKLAND,CA
94610,OAKLAND,CA
94583,SAN RAMON,CA
94602,OAKLAND,CA
94612,OAKLAND,CA
94546,CASTRO VALLEY,CA
94133,SAN FRANCISCO,CA
94129,SAN FRANCISCO,CA
94123,SAN FRANCISCO,CA
94109,SAN FRANCISCO,CA
94606,OAKLAND,CA
94111,SAN FRANCISCO,CA
94619,OAKLAND,CA
94552,CASTRO VALLEY,CA
94501,ALAMEDA,CA
94108,SAN FRANCISCO,CA
94601,OAKLAND,CA
94115,SAN FRANCISCO,CA
94105,SAN FRANCISCO,CA
94104,SAN FRANCISCO,CA
94118,SAN FRANCISCO,CA
94121,SAN FRANCISCO,CA
94102,SAN FRANCISCO,CA
94103,SAN FRANCISCO,CA
94605,OAKLAND,CA
94613,OAKLAND,CA
94117,SAN FRANCISCO,CA
94122,SAN FRANCISCO,CA
94621,OAKLAND,CA
94114,SAN FRANCISCO,CA
94107,SAN FRANCISCO,CA
94110,SAN FRANCISCO,CA
94131,SAN FRANCISCO,CA
94603,OAKLAND,CA
94116,SAN FRANCISCO,CA
94124,SAN FRANCISCO,CA
94588,PLEASANTON,CA
94502,ALAMEDA,CA
94127,SAN FRANCISCO,CA
94577,SAN LEANDRO,CA
94132,SAN FRANCISCO,CA
94112,SAN FRANCISCO,CA
94134,SAN FRANCISCO,CA
94568,DUBLIN,CA
94578,SAN LEANDRO,CA
94015,DALY CITY,CA
94005,BRISBANE,CA
94014,DALY CITY,CA
94579,SAN LEANDRO,CA
94580,SAN LORENZO,CA
94541,HAYWARD,CA
94566,PLEASANTON,CA
94542,HAYWARD,CA
94544,HAYWARD,CA
94044,PACIFICA,CA
94545,HAYWARD,CA
94586,SUNOL,CA
94080,SOUTH SAN FRANCISCO,CA
94587,UNION CITY,CA
94066,SAN BRUNO,CA
94128,SAN FRANCISCO,CA
94019,HALF MOON BAY,CA
94030,MILLBRAE,CA
94010,BURLINGAME,CA
94536,FREMONT,CA
94539,FREMONT,CA
94401,SAN MATEO,CA
94555,FREMONT,CA
94038,MOSS BEACH,CA
94402,SAN MATEO,CA
94404,SAN MATEO,CA
94403,SAN MATEO,CA
94538,FREMONT,CA
94560,NEWARK,CA
94065,REDWOOD CITY,CA
94063,REDWOOD CITY,CA
94002,BELMONT,CA
94070,SAN CARLOS,CA
94062,REDWOOD CITY,CA
94025,MENLO PARK,CA
94303,PALO ALTO,CA
95035,MILPITAS,CA
95140,MOUNT HAMILTON,CA
94061,REDWOOD CITY,CA
94027,ATHERTON,CA
95134,SAN JOSE,CA
95002,ALVISO,CA
94089,SUNNYVALE,CA
94301,PALO ALTO,CA
94043,MOUNTAIN VIEW,CA
94304,PALO ALTO,CA
94305,STANFORD,CA
94035,MOUNTAIN VIEW,CA
94306,PALO ALTO,CA
94028,PORTOLA VALLEY,CA
94040,MOUNTAIN VIEW,CA
94022,LOS ALTOS,CA
94085,SUNNYVALE,CA
94086,SUNNYVALE,CA
94024,LOS ALTOS,CA
94087,SUNNYVALE,CA
